stage,outcome,failure_code
artifact_generation,blocked,publish_readiness_failed
artifact_generation,blocked,publish_readiness_failed
artifact_generation,succeeded,
artifact_generation,succeeded,
artifact_generation,succeeded,
artifact_generation,succeeded,
artifact_generation,succeeded,
artifact_generation,succeeded,
artifact_generation,succeeded,
artifact_generation,succeeded,
artifact_generation,succeeded,
artifact_generation,succeeded,
artifact_generation,succeeded,
artifact_generation,succeeded,
artifact_generation,succeeded,
artifact_generation,succeeded,
artifact_generation,succeeded,
artifact_generation,succeeded,
artifact_generation,succeeded,
artifact_generation,succeeded,
